<xml xmlns:o="urn:schemas-microsoft-com:office:office">
 <o:MainFile HRef="../MassMapperGuide_MT2.htm"/>
 <o:File HRef="item0123.xml"/>
 <o:File HRef="props124.xml"/>
 <o:File HRef="themedata.thmx"/>
 <o:File HRef="colorschememapping.xml"/>
 <o:File HRef="image001.png"/>
 <o:File HRef="image002.png"/>
 <o:File HRef="image003.png"/>
 <o:File HRef="image004.png"/>
 <o:File HRef="image005.png"/>
 <o:File HRef="image006.png"/>
 <o:File HRef="image007.png"/>
 <o:File HRef="image008.png"/>
 <o:File HRef="image009.jpg"/>
 <o:File HRef="image010.png"/>
 <o:File HRef="image011.jpg"/>
 <o:File HRef="image012.png"/>
 <o:File HRef="image013.jpg"/>
 <o:File HRef="image014.png"/>
 <o:File HRef="image015.jpg"/>
 <o:File HRef="image016.png"/>
 <o:File HRef="image017.jpg"/>
 <o:File HRef="image018.png"/>
 <o:File HRef="image019.jpg"/>
 <o:File HRef="image020.png"/>
 <o:File HRef="image021.jpg"/>
 <o:File HRef="image022.png"/>
 <o:File HRef="image023.jpg"/>
 <o:File HRef="image024.png"/>
 <o:File HRef="image025.jpg"/>
 <o:File HRef="image026.png"/>
 <o:File HRef="image027.jpg"/>
 <o:File HRef="image028.png"/>
 <o:File HRef="image029.jpg"/>
 <o:File HRef="image030.png"/>
 <o:File HRef="image031.jpg"/>
 <o:File HRef="image032.png"/>
 <o:File HRef="image033.jpg"/>
 <o:File HRef="image034.png"/>
 <o:File HRef="image035.jpg"/>
 <o:File HRef="image036.png"/>
 <o:File HRef="image037.jpg"/>
 <o:File HRef="image038.png"/>
 <o:File HRef="image039.jpg"/>
 <o:File HRef="image040.png"/>
 <o:File HRef="image041.jpg"/>
 <o:File HRef="image042.png"/>
 <o:File HRef="image043.png"/>
 <o:File HRef="image044.png"/>
 <o:File HRef="image045.jpg"/>
 <o:File HRef="image046.png"/>
 <o:File HRef="image047.jpg"/>
 <o:File HRef="image048.png"/>
 <o:File HRef="image049.jpg"/>
 <o:File HRef="image050.png"/>
 <o:File HRef="image051.jpg"/>
 <o:File HRef="image053.png"/>
 <o:File HRef="image052.png"/>
 <o:File HRef="image055.jpg"/>
 <o:File HRef="image054.png"/>
 <o:File HRef="image057.jpg"/>
 <o:File HRef="image056.png"/>
 <o:File HRef="image059.jpg"/>
 <o:File HRef="image058.png"/>
 <o:File HRef="image061.jpg"/>
 <o:File HRef="image060.png"/>
 <o:File HRef="image063.jpg"/>
 <o:File HRef="image062.png"/>
 <o:File HRef="image065.jpg"/>
 <o:File HRef="image064.png"/>
 <o:File HRef="image067.jpg"/>
 <o:File HRef="image066.png"/>
 <o:File HRef="image069.jpg"/>
 <o:File HRef="image068.png"/>
 <o:File HRef="image070.jpg"/>
 <o:File HRef="image071.png"/>
 <o:File HRef="image072.png"/>
 <o:File HRef="image073.png"/>
 <o:File HRef="image074.png"/>
 <o:File HRef="image075.jpg"/>
 <o:File HRef="image076.png"/>
 <o:File HRef="image077.jpg"/>
 <o:File HRef="image078.png"/>
 <o:File HRef="image079.jpg"/>
 <o:File HRef="image080.jpg"/>
 <o:File HRef="image081.png"/>
 <o:File HRef="image082.jpg"/>
 <o:File HRef="image083.png"/>
 <o:File HRef="image084.jpg"/>
 <o:File HRef="image085.png"/>
 <o:File HRef="image086.jpg"/>
 <o:File HRef="image087.jpg"/>
 <o:File HRef="image088.jpg"/>
 <o:File HRef="image089.png"/>
 <o:File HRef="image090.jpg"/>
 <o:File HRef="image091.png"/>
 <o:File HRef="image092.jpg"/>
 <o:File HRef="image093.png"/>
 <o:File HRef="image094.jpg"/>
 <o:File HRef="image095.png"/>
 <o:File HRef="image096.jpg"/>
 <o:File HRef="image098.jpg"/>
 <o:File HRef="image097.png"/>
 <o:File HRef="image100.jpg"/>
 <o:File HRef="image099.png"/>
 <o:File HRef="image101.jpg"/>
 <o:File HRef="image103.jpg"/>
 <o:File HRef="image102.png"/>
 <o:File HRef="image105.jpg"/>
 <o:File HRef="image104.png"/>
 <o:File HRef="image107.jpg"/>
 <o:File HRef="image106.png"/>
 <o:File HRef="image108.jpg"/>
 <o:File HRef="image110.jpg"/>
 <o:File HRef="image109.png"/>
 <o:File HRef="image112.jpg"/>
 <o:File HRef="image111.png"/>
 <o:File HRef="image114.jpg"/>
 <o:File HRef="image113.png"/>
 <o:File HRef="image116.jpg"/>
 <o:File HRef="image115.png"/>
 <o:File HRef="image182.jpg"/>
 <o:File HRef="filelist.xml"/>
</xml>